YSWR,YSWR19.11.16-1,11/16/2019
SKU00 69,430
SKU00 13,433
SKU00 5,145
SKU00 24,453
SKU00 82,347
SKU00 88,215
SKU00 14,458
SKU00 80,166
SKU00 75,201
SKU00 93,389
SKU00 38,440
SKU00 90,381
SKU00 60,405
SKU00 12,336
SKU00 3,84
SKU00 44,56
SKU00 98,164
YSWR,YSWR19.11.16-2,11/16/2019
SKU00 84,291
SKU00 82,54
SKU00 47,166
SKU00 48,161
SKU00 20,462
SKU00 43,403
SKU00 92,283
YSWR,YSWR19.11.16-3,11/16/2019
SKU00 52,388
SKU00 50,175
SKU00 41,384
SKU00 69,172
SKU00 17,61
SKU00 22,144
SKU00 41,213
SKU00 2,266
SKU00 70,232
SKU00 50,59
SKU00 46,321
SKU00 92,195
SKU00 97,25
SKU00 25,257
YSWR,YSWR19.11.16-4,11/16/2019
SKU00 96,414
SKU00 67,487
SKU00 97,71
SKU00 10,273
KTXZ,KTXZ19.11.16-1,11/16/2019
SKU00 65,227
PWFQ,PWFQ19.11.16-1,11/16/2019
SKU00 1,162
SKU00 49,228
SKU00 47,472
SKU00 79,5
SKU00 38,454
SKU00 21,246
SKU00 60,140
YSWR,YSWR19.11.16-5,11/16/2019
SKU00 3,263
SKU00 8,255
SKU00 46,465
YSWR,YSWR19.11.16-6,11/16/2019
SKU00 60,404
SKU00 1,285
SKU00 89,248
SKU00 51,52
SKU00 77,360
SKU00 65,12
SKU00 12,319
SKU00 56,121
SKU00 37,241
SKU00 54,189
SKU00 87,436
SKU00 19,416
SKU00 82,17
SKU00 24,316
SKU00 35,320
SKU00 64,34
SKU00 25,100
KTXZ,KTXZ19.11.16-2,11/16/2019
SKU00 33,408
SKU00 89,97
SKU00 3,261
SKU00 7,350
SKU00 95,122
SKU00 46,80
SKU00 15,93
SKU00 4,161
SKU00 52,155
SKU00 33,480
SKU00 17,499
SKU00 20,7
SKU00 36,268
KTXZ,KTXZ19.11.16-3,11/16/2019
SKU00 14,326
SKU00 38,235
SKU00 40,21
SKU00 92,432
KTXZ,KTXZ19.11.16-4,11/16/2019
SKU00 77,77
SKU00 5,141
SKU00 22,53
SKU00 26,422
PWFQ,PWFQ19.11.16-2,11/16/2019
SKU00 3,108
SKU00 72,30
SKU00 33,356
SKU00 66,212
SKU00 67,412
SKU00 62,314
SKU00 62,237
SKU00 36,256
SKU00 5,425
SKU00 26,343
SKU00 93,39
SKU00 3,77
SKU00 19,160
SKU00 49,18
SKU00 87,469
CGND,CGND19.11.16-1,11/16/2019
SKU00 53,126
SKU00 67,78
SKU00 76,33
SKU00 66,112
SKU00 22,280
SKU00 15,99
KTXZ,KTXZ19.11.16-5,11/16/2019
SKU00 27,48
SKU00 79,116
SKU00 89,396
SKU00 9,350
SKU00 44,160
SKU00 46,457
SKU00 58,339
SKU00 92,491
SKU00 79,17
SKU00 93,25
SKU00 72,230
SKU00 19,55
SKU00 37,406
SKU00 74,383
SKU00 6,137
SKU00 73,381
SKU00 93,26
SKU00 28,91
SKU00 51,258
SKU00 10,151
SKU00 58,250
SKU00 82,412
SKU00 94,491
SKU00 39,159
SKU00 31,403
SKU00 86,348
SKU00 77,493
SKU00 44,153
SKU00 20,87
SKU00 64,213
SKU00 83,332
SKU00 74,99
SKU00 58,453
SKU00 5,134
SKU00 45,344
SKU00 9,201
SKU00 60,70
SKU00 85,452
SKU00 24,140
SKU00 86,207
SKU00 63,184
SKU00 98,20
SKU00 41,385
SKU00 2,151
SKU00 34,365
SKU00 43,215
SKU00 98,373
SKU00 17,247
SKU00 99,380
SKU00 19,78
SKU00 47,364
SKU00 29,197
SKU00 26,455
SKU00 7,356
SKU00 12,202
SKU00 46,368
SKU00 53,407
SKU00 24,109
SKU00 92,374
SKU00 15,119
SKU00 57,11
SKU00 65,183
SKU00 44,373
SKU00 40,145
SKU00 30,456
SKU00 50,379
SKU00 9,211
SKU00 41,315
SKU00 16,180
SKU00 64,190
SKU00 17,398
SKU00 36,192
SKU00 42,105
SKU00 10,394
SKU00 86,476
SKU00 53,340
SKU00 96,153
SKU00 37,105
SKU00 59,113
SKU00 78,11
SKU00 11,261
SKU00 19,39
SKU00 48,326
SKU00 24,81
SKU00 53,272
SKU00 92,294
SKU00 95,279
SKU00 95,187
SKU00 37,239
SKU00 86,418
SKU00 21,458
SKU00 14,206
SKU00 25,173
SKU00 26,431
SKU00 13,120
SKU00 77,320
SKU00 8,123
SKU00 25,311
SKU00 26,190
SKU00 7,59
SKU00 74,420
SKU00 45,437
SKU00 16,359
SKU00 76,441
SKU00 90,21
SKU00 70,94
SKU00 9,131
SKU00 69,500
SKU00 72,313
SKU00 40,380
SKU00 18,184
SKU00 53,486
SKU00 41,408
SKU00 39,370
SKU00 33,258
SKU00 55,42
SKU00 75,311
SKU00 48,482
SKU00 80,203
SKU00 34,237
SKU00 25,19
SKU00 39,194
SKU00 91,137
SKU00 31,199
SKU00 65,105
SKU00 79,196
SKU00 89,118
SKU00 52,144
SKU00 47,360
SKU00 96,107
SKU00 92,32
SKU00 5,404
SKU00 95,360
SKU00 20,340
SKU00 22,445
SKU00 65,364
YSWR,YSWR19.11.16-7,11/16/2019
SKU00 62,104
SKU00 23,244
SKU00 68,445
CGND,CGND19.11.16-2,11/16/2019
SKU00 31,416
SKU00 65,338
SKU00 20,368
SKU00 25,87
SKU00 85,434
SKU00 18,395
SKU00 38,495
SKU00 68,280
SKU00 21,12
SKU00 33,196
SKU00 14,203
SKU00 76,475
SKU00 51,82
SKU00 83,155
SKU00 81,141
SKU00 53,121
SKU00 39,100
WTAS,WTAS19.11.16-1,11/16/2019
SKU00 15,138
SKU00 42,431
SKU00 57,315
SKU00 57,374
SKU00 10,25
SKU00 63,203
SKU00 37,25
PWFQ,PWFQ19.11.16-3,11/16/2019
SKU00 96,86
SKU00 84,443
SKU00 18,243
SKU00 55,352
SKU00 84,217
SKU00 13,4
SKU00 67,5
SKU00 42,105
SKU00 41,462
SKU00 66,454
SKU00 80,26
SKU00 17,422
YSWR,YSWR19.11.16-8,11/16/2019
SKU00 72,294
SKU00 62,28
SKU00 44,136
SKU00 48,451
SKU00 76,14
SKU00 69,431
SKU00 93,85
SKU00 32,27
SKU00 70,283
SKU00 18,64
SKU00 44,174
SKU00 3,450
SKU00 23,38
SKU00 68,493
SKU00 14,221
SKU00 25,400
SKU00 2,295
CGND,CGND19.11.16-3,11/16/2019
SKU00 19,41
SKU00 8,355
SKU00 47,410
WTAS,WTAS19.11.16-2,11/16/2019
SKU00 82,424
SKU00 61,325
SKU00 51,204
SKU00 72,454
KTXZ,KTXZ19.11.16-6,11/16/2019
SKU00 52,66
SKU00 73,445
SKU00 30,252
SKU00 47,24
SKU00 59,465
SKU00 4,417
SKU00 6,399
SKU00 82,23
SKU00 95,65
SKU00 38,204
SKU00 58,386
SKU00 25,102
SKU00 43,125
SKU00 57,191
SKU00 36,182
CGND,CGND19.11.16-4,11/16/2019
SKU00 48,151
SKU00 63,83
SKU00 29,146
CGND,CGND19.11.16-5,11/16/2019
SKU00 40,266
SKU00 80,355
SKU00 23,496
SKU00 8,38
SKU00 24,449
SKU00 40,258
SKU00 59,141
SKU00 84,406
SKU00 85,40
SKU00 61,142
SKU00 81,407
SKU00 16,396
SKU00 32,294
SKU00 94,45
SKU00 34,327
SKU00 46,64
SKU00 99,344
SKU00 98,22
SKU00 73,461
SKU00 29,269
PWFQ,PWFQ19.11.16-4,11/16/2019
SKU00 98,92
SKU00 11,478
SKU00 22,307
SKU00 28,375
SKU00 69,496
SKU00 49,106
SKU00 38,168
SKU00 64,468
SKU00 73,234
SKU00 89,71
SKU00 34,112
SKU00 60,170
SKU00 42,469
SKU00 73,243
SKU00 64,480
SKU00 14,112
SKU00 24,327
SKU00 88,361
SKU00 86,207
SKU00 51,491
YSWR,YSWR19.11.16-9,11/16/2019
SKU00 33,210
SKU00 54,136
SKU00 63,250
SKU00 9,127
SKU00 49,301
SKU00 37,325
SKU00 69,177
SKU00 57,11
SKU00 64,259
SKU00 20,14
SKU00 9,500
SKU00 22,410
SKU00 17,459
SKU00 83,187
SKU00 13,313
SKU00 32,187
WTAS,WTAS19.11.16-3,11/16/2019
SKU00 31,100
SKU00 70,325
SKU00 60,238
SKU00 19,127
YSWR,YSWR19.11.16-10,11/16/2019
SKU00 16,149
SKU00 35,408
SKU00 29,8
SKU00 95,42
SKU00 95,78
SKU00 15,113
SKU00 56,91
SKU00 23,478
SKU00 19,238
SKU00 68,253
SKU00 36,10
SKU00 80,342
SKU00 81,177
SKU00 85,295
SKU00 79,362
SKU00 59,331
CGND,CGND19.11.16-6,11/16/2019
SKU00 51,348
SKU00 17,152
SKU00 37,340
SKU00 39,311
SKU00 29,184
SKU00 85,377
SKU00 34,198
SKU00 58,259
SKU00 72,470
SKU00 20,288
SKU00 81,491
SKU00 65,48
SKU00 72,371
SKU00 3,427
SKU00 77,201
